from,NoEvent,AB,AHS,AIS,PB,PHS,PIS,AHS_AB,AIS_AB,PB_AHS,PB_AIS,PS_AB,PS_PB,CurrentDeath,AB_Death,AHS_Death,AIS_Death,AHS_AB_Death,AIS_AB_Death
NoEvent,1,1,1,1,0,0,0,1,1,0,0,0,0,1,1,1,1,1,1
AB,0,0,0,0,1,0,0,0,0,1,1,0,0,1,1,1,1,0,1
AHS,0,0,0,0,0,1,0,1,0,0,0,1,0,1,0,1,1,0,0
AIS,0,0,0,0,0,0,1,0,1,0,0,1,0,1,1,1,1,0,0
PB,0,1,0,0,1,0,0,0,0,1,1,0,0,1,1,0,0,0,0
PHS,0,0,1,0,0,1,0,0,0,0,0,1,0,1,0,0,0,0,0
PIS,0,0,0,1,0,0,1,0,0,0,0,1,0,1,0,1,1,0,0
AHS_AB,0,0,0,0,0,0,0,0,0,0,0,0,1,1,0,0,0,0,0
AIS_AB,0,0,0,0,0,0,0,0,0,0,0,0,1,1,1,0,0,0,0
PB_AHS,0,0,0,0,0,0,0,0,0,0,0,0,1,0,0,0,0,0,0
PB_AIS,0,0,0,0,0,0,0,0,0,0,0,0,1,0,0,0,0,0,0
PS_AB,0,0,0,0,0,0,0,0,0,0,0,0,1,0,0,0,0,0,0
PS_PB,0,0,0,0,0,0,0,0,0,1,1,1,1,0,0,0,0,0,0
